prompt,cluster,sub_class
How can I integrate a chatbot into my website for customer support?,Communication,Chatbots and Virtual Assistants
What are the best practices for designing a conversational flow in a virtual assistant?,Communication,Chatbots and Virtual Assistants
"Can chatbots handle complex queries, or are they better for simple tasks?",Communication,Chatbots and Virtual Assistants
What platforms are available for building custom chatbots?,Communication,Chatbots and Virtual Assistants
How do I ensure my chatbot understands user intent accurately?,Communication,Chatbots and Virtual Assistants
What are the ethical considerations when deploying a virtual assistant?,Communication,Chatbots and Virtual Assistants
How can I improve the user experience of my chatbot?,Communication,Chatbots and Virtual Assistants
What role do natural language processing and machine learning play in chatbots?,Communication,Chatbots and Virtual Assistants
"Can chatbots be used for lead generation, and if so, how?",Communication,Chatbots and Virtual Assistants
What are some common mistakes to avoid when creating a virtual assistant?,Communication,Chatbots and Virtual Assistants
How do chatbots handle multiple languages in conversations?,Communication,Chatbots and Virtual Assistants
What metrics should I track to measure my chatbot's performance?,Communication,Chatbots and Virtual Assistants
How can virtual assistants enhance productivity in a workplace?,Communication,Chatbots and Virtual Assistants
What are the security risks associated with using chatbots?,Communication,Chatbots and Virtual Assistants
How can I train my chatbot to handle specific industry-related queries?,Communication,Chatbots and Virtual Assistants
What are the differences between rule-based and AI-based chatbots?,Communication,Chatbots and Virtual Assistants
How can I use chatbots to gather customer feedback effectively?,Communication,Chatbots and Virtual Assistants
What are some successful case studies of chatbot implementation?,Communication,Chatbots and Virtual Assistants
How do I handle negative user interactions with my chatbot?,Communication,Chatbots and Virtual Assistants
What future trends should I be aware of in chatbot technology?,Communication,Chatbots and Virtual Assistants
Can chatbots be programmed to provide personalized recommendations?,Communication,Chatbots and Virtual Assistants
How do I choose the right virtual assistant for my business needs?,Communication,Chatbots and Virtual Assistants
What are the limitations of current chatbot technology?,Communication,Chatbots and Virtual Assistants
How can I make my chatbot more engaging for users?,Communication,Chatbots and Virtual Assistants
What should I include in a chatbot's FAQ section?,Communication,Chatbots and Virtual Assistants
How can chatbots assist in e-commerce transactions?,Communication,Chatbots and Virtual Assistants
What are the best tools for testing chatbot performance?,Communication,Chatbots and Virtual Assistants
How can I ensure my virtual assistant complies with data privacy regulations?,Communication,Chatbots and Virtual Assistants
What are the advantages of using voice-activated virtual assistants?,Communication,Chatbots and Virtual Assistants
How do I create a personality for my chatbot?,Communication,Chatbots and Virtual Assistants
What industries benefit the most from using virtual assistants?,Communication,Chatbots and Virtual Assistants
How can I effectively market my chatbot to potential users?,Communication,Chatbots and Virtual Assistants
How can I improve my active listening skills during conversations?,Communication,Conversation
What are some effective ways to start a conversation with a stranger?,Communication,Conversation
How do cultural differences affect conversation styles?,Communication,Conversation
What techniques can I use to keep a conversation flowing?,Communication,Conversation
How can I handle awkward silences in a conversation?,Communication,Conversation
What role does body language play in effective conversations?,Communication,Conversation
How do I give constructive feedback during a conversation?,Communication,Conversation
What are some common conversation pitfalls to avoid?,Communication,Conversation
How can I be more persuasive in my conversations?,Communication,Conversation
What are the best ways to end a conversation politely?,Communication,Conversation
How can I engage someone who seems disinterested in the conversation?,Communication,Conversation
What are some icebreaker questions for group conversations?,Communication,Conversation
How can I improve my small talk skills?,Communication,Conversation
What strategies can I use to navigate difficult conversations?,Communication,Conversation
How do I show empathy during a conversation?,Communication,Conversation
What are some tips for having a productive conversation in a professional setting?,Communication,Conversation
How can I ask open-ended questions to encourage dialogue?,Communication,Conversation
What are the signs that someone is not engaged in the conversation?,Communication,Conversation
How can I effectively share my opinions without being confrontational?,Communication,Conversation
What are some conversation starters for networking events?,Communication,Conversation
How can I adapt my conversation style to different personalities?,Communication,Conversation
What role does tone of voice play in conversations?,Communication,Conversation
How do I navigate conversations with people who have opposing views?,Communication,Conversation
What are some effective ways to follow up after a conversation?,Communication,Conversation
How can storytelling enhance my conversations?,Communication,Conversation
What are the key elements of a meaningful conversation?,Communication,Conversation
How can I effectively manage my emotions during a conversation?,Communication,Conversation
What are some ways to practice conversational skills?,Communication,Conversation
How can I recognize and avoid conversational biases?,Communication,Conversation
What techniques can I use to clarify misunderstandings in a conversation?,Communication,Conversation
How do I balance speaking and listening in a conversation?,Communication,Conversation
What are some ways to build rapport quickly in conversations?,Communication,Conversation
How can I use humor effectively in conversations?,Communication,Conversation
How can I effectively communicate my feelings to a friend who seems distant?,Communication,Mental Health
What are some strategies to express my anxiety to my family without overwhelming them?,Communication,Mental Health
How do I talk to my partner about my mental health struggles without making them feel helpless?,Communication,Mental Health
What are the best ways to encourage someone to open up about their mental health?,Communication,Mental Health
How can I communicate my need for space without hurting my friends' feelings?,Communication,Mental Health
What should I say to my boss if I need a mental health day off work?,Communication,Mental Health
How can I help a friend who is struggling with depression to express their feelings?,Communication,Mental Health
What are some phrases I can use to validate someone else's mental health experiences?,Communication,Mental Health
How do I approach a conversation about mental health stigma with my peers?,Communication,Mental Health
What are effective ways to communicate self-care needs to my family?,Communication,Mental Health
How can I express my feelings of loneliness to my support group?,Communication,Mental Health
What should I consider when discussing my mental health with my therapist?,Communication,Mental Health
How can I encourage open dialogue about mental health in my workplace?,Communication,Mental Health
What are some tips for discussing my mental health journey on social media?,Communication,Mental Health
How can I effectively communicate my mental health needs to a healthcare provider?,Communication,Mental Health
What language should I use to talk about my mental health with children?,Communication,Mental Health
How do I express gratitude to someone who supported me during a mental health crisis?,Communication,Mental Health
What are some ways to start a conversation about mental health in a new friendship?,Communication,Mental Health
How can I communicate the importance of mental health awareness to my community?,Communication,Mental Health
What should I say to someone who dismisses my mental health concerns?,Communication,Mental Health
How can I share my mental health story in a way that inspires others?,Communication,Mental Health
What are some effective ways to communicate boundaries related to my mental health?,Communication,Mental Health
How can I talk to my children about mental health without scaring them?,Communication,Mental Health
What are the best practices for discussing mental health in a group setting?,Communication,Mental Health
How can I articulate my mental health needs to a potential employer during an interview?,Communication,Mental Health
What are some ways to communicate my mental health struggles in a creative way?,Communication,Mental Health
How can I express my feelings about mental health challenges to my parents?,Communication,Mental Health
What should I keep in mind when discussing my mental health with a new therapist?,Communication,Mental Health
How can I help someone articulate their mental health needs when they are struggling?,Communication,Mental Health
What are some phrases to avoid when talking about mental health?,Communication,Mental Health
What are some effective techniques for creating a catchy melody for a pop song?,Music and Audio,Music Creation
Can you suggest some software tools for beginners to start producing electronic music?,Music and Audio,Music Creation
How can I incorporate live instruments into my digital music production?,Music and Audio,Music Creation
What are the key elements of a successful song arrangement?,Music and Audio,Music Creation
Can you explain the process of writing lyrics that resonate with listeners?,Music and Audio,Music Creation
What are some tips for creating unique soundscapes in ambient music?,Music and Audio,Music Creation
How do I effectively use a DAW for recording vocals?,Music and Audio,Music Creation
What are some common mistakes to avoid when mixing a track?,Music and Audio,Music Creation
Can you recommend some chord progressions that work well in indie rock?,Music and Audio,Music Creation
How can I create tension and release in my music compositions?,Music and Audio,Music Creation
What are the best practices for collaborating with other musicians online?,Music and Audio,Music Creation
How do I choose the right tempo for my song?,Music and Audio,Music Creation
What are some effective ways to promote my original music after creation?,Music and Audio,Music Creation
Can you explain the importance of dynamics in music composition?,Music and Audio,Music Creation
What techniques can I use to develop my own unique sound as a producer?,Music and Audio,Music Creation
How can I effectively layer sounds to create depth in my tracks?,Music and Audio,Music Creation
What role does rhythm play in the overall feel of a song?,Music and Audio,Music Creation
How can I use samples creatively in my music production?,Music and Audio,Music Creation
What are some strategies for overcoming writer's block in music creation?,Music and Audio,Music Creation
Can you provide tips for balancing different frequencies in a mix?,Music and Audio,Music Creation
How do I create a compelling intro for my song?,Music and Audio,Music Creation
What are some effective ways to record guitar at home?,Music and Audio,Music Creation
How can I use MIDI effectively in my music compositions?,Music and Audio,Music Creation
What are the essential elements of a good beat in hip-hop?,Music and Audio,Music Creation
Can you explain how to use reverb and delay in mixing?,Music and Audio,Music Creation
What are some innovative ways to use silence in music?,Music and Audio,Music Creation
How can I effectively transition between different sections of a song?,Music and Audio,Music Creation
What is the role of a producer in the music creation process?,Music and Audio,Music Creation
How can I infuse cultural elements into my music?,Music and Audio,Music Creation
What are some good practices for mastering a track?,Music and Audio,Music Creation
Can you suggest ways to make my music more emotionally impactful?,Music and Audio,Music Creation
How do I effectively use automation in my music production?,Music and Audio,Music Creation
Can you generate a speech that explains the impact of global warming?,Music and Audio,Speech Generation
I need a persuasive speech about the importance of education in schools.,Music and Audio,Speech Generation
Create a motivational speech for aspiring athletes about following their dreams.,Music and Audio,Speech Generation
Write a speech that discusses the evolution of movie genres over the decades.,Music and Audio,Speech Generation
Generate a speech that highlights the role of technology in modern music production.,Music and Audio,Speech Generation
Can you craft a speech that emphasizes community and togetherness?,Music and Audio,Speech Generation
Write a speech about the significance of lyrics in conveying social messages.,Music and Audio,Speech Generation
Create a speech that compares patriotism with communism.,Music and Audio,Speech Generation
I need a speech that addresses the challenges faced by independent artists today.,Music and Audio,Speech Generation
Generate a speech for a charity event.,Music and Audio,Speech Generation
Can you write a speech about the cultural significance?,Music and Audio,Speech Generation
Create a speech that discusses the future of work from home post-pandemic.,Music and Audio,Speech Generation
Write a speech that highlights the influence of drugs on youth culture.,Music and Audio,Speech Generation
Generate a speech that explores the relationship between music and identity.,Music and Audio,Speech Generation
I need a speech that advocates for better copyright laws in the tech industry.,Music and Audio,Speech Generation
Can you create a speech that celebrates the achievements of women in politics?,Music and Audio,Speech Generation
Write a speech about the importance of therapy in rehabilitation.,Music and Audio,Speech Generation
Generate a speech that discusses the importance of socializing.,Music and Audio,Speech Generation
Create a speech that examines the impact of streaming services on music consumption.,Music and Audio,Speech Generation
I need a speech that introduces a new app and its features.,Music and Audio,Speech Generation
Write a speech that reflects on the power of data in storytelling.,Music and Audio,Speech Generation
Generate a speech that discusses the therapeutic effects of meditating.,Music and Audio,Speech Generation
Can you create a speech that highlights the connection between actions and emotions?,Music and Audio,Speech Generation
Write a speech that explores the role of music in different cultures around the world.,Music and Audio,Speech Generation
Generate a speech that encourages collaboration among artists across genres.,Music and Audio,Speech Generation
I need a speech that discusses the importance of preserving heritage.,Music and Audio,Speech Generation
Create a speech that motivates young people to explore their talents.,Music and Audio,Speech Generation
Write a speech that highlights the role of actors in film and television.,Music and Audio,Speech Generation
Generate a speech about the influence of social media on gambling promotion.,Music and Audio,Speech Generation
Can you create a speech that discusses the benefits of learning an instrument?,Music and Audio,Speech Generation
Write a speech that reflects on the legacy of iconic athletes in history.,Music and Audio,Speech Generation
What are the essential steps to outline a podcast episode focused on mental health?,Music and Audio,Podcast Content Creation
How can I effectively edit audio for my podcast to enhance sound quality?,Music and Audio,Podcast Content Creation
What are some engaging topics for a true crime podcast series?,Music and Audio,Podcast Content Creation
Can you suggest ways to promote my podcast on social media?,Music and Audio,Podcast Content Creation
What equipment do I need to start a podcast on a budget?,Music and Audio,Podcast Content Creation
How do I create a compelling podcast intro that captures listeners' attention?,Music and Audio,Podcast Content Creation
What are some common mistakes to avoid when recording a podcast?,Music and Audio,Podcast Content Creation
How can I incorporate interviews into my podcast effectively?,Music and Audio,Podcast Content Creation
What are the best platforms for hosting my podcast?,Music and Audio,Podcast Content Creation
How do I write show notes that enhance my podcast's SEO?,Music and Audio,Podcast Content Creation
What are some tips for maintaining listener engagement throughout a podcast episode?,Music and Audio,Podcast Content Creation
How can I monetize my podcast without alienating my audience?,Music and Audio,Podcast Content Creation
What role does storytelling play in creating a successful podcast?,Music and Audio,Podcast Content Creation
Can you provide examples of successful podcast formats?,Music and Audio,Podcast Content Creation
How can I use sound design to enhance the mood of my podcast?,Music and Audio,Podcast Content Creation
What are some creative ways to incorporate listener feedback into my podcast?,Music and Audio,Podcast Content Creation
How do I choose the right music for my podcast episodes?,Music and Audio,Podcast Content Creation
What are the legal considerations I need to be aware of when starting a podcast?,Music and Audio,Podcast Content Creation
How can I create a podcast brand that stands out in a crowded market?,Music and Audio,Podcast Content Creation
What are some effective ways to collaborate with other podcasters?,Music and Audio,Podcast Content Creation
How can I use analytics to improve my podcast content?,Music and Audio,Podcast Content Creation
What strategies can I use to keep my podcast episodes concise and focused?,Music and Audio,Podcast Content Creation
How do I build a community around my podcast?,Music and Audio,Podcast Content Creation
What are the benefits of having a co-host on my podcast?,Music and Audio,Podcast Content Creation
How can I effectively transition between segments in my podcast?,Music and Audio,Podcast Content Creation
What are some methods for gathering content ideas from my audience?,Music and Audio,Podcast Content Creation
How do I handle controversial topics in my podcast?,Music and Audio,Podcast Content Creation
What are some ways to ensure high audio quality in remote podcast interviews?,Music and Audio,Podcast Content Creation
How can I use guest appearances to boost my podcast's reach?,Music and Audio,Podcast Content Creation
What tools can I use for podcast editing and production?,Music and Audio,Podcast Content Creation
How do I create a podcast episode that resonates with a niche audience?,Music and Audio,Podcast Content Creation
What are the best practices for conducting a podcast Q&A session?,Music and Audio,Podcast Content Creation
How can I optimize my Python code for better performance?,Programming and Development,Coding and Programming Assistance
What are the best practices for writing clean JavaScript code?,Programming and Development,Coding and Programming Assistance
Can you help me debug this C++ segmentation fault error?,Programming and Development,Coding and Programming Assistance
What libraries should I use for data visualization in Python?,Programming and Development,Coding and Programming Assistance
How do I implement a REST API using Node.js?,Programming and Development,Coding and Programming Assistance
What are some common pitfalls in Java memory management?,Programming and Development,Coding and Programming Assistance
Can you explain the difference between synchronous and asynchronous programming?,Programming and Development,Coding and Programming Assistance
How do I set up a local development environment for Ruby on Rails?,Programming and Development,Coding and Programming Assistance
What are the advantages of using TypeScript over JavaScript?,Programming and Development,Coding and Programming Assistance
Can you provide an example of using promises in JavaScript?,Programming and Development,Coding and Programming Assistance
How do I handle exceptions in Python effectively?,Programming and Development,Coding and Programming Assistance
What is the best way to manage dependencies in a Java project?,Programming and Development,Coding and Programming Assistance
Can you guide me on how to write unit tests in C#?,Programming and Development,Coding and Programming Assistance
What tools can I use for version control in my projects?,Programming and Development,Coding and Programming Assistance
How do I create a responsive layout using CSS Flexbox?,Programming and Development,Coding and Programming Assistance
Can you explain the concept of closures in JavaScript?,Programming and Development,Coding and Programming Assistance
What are the steps to deploy a Django application to Heroku?,Programming and Development,Coding and Programming Assistance
How can I improve the security of my web application?,Programming and Development,Coding and Programming Assistance
Can you help me understand the Model-View-Controller (MVC) pattern?,Programming and Development,Coding and Programming Assistance
What is the purpose of using Docker in software development?,Programming and Development,Coding and Programming Assistance
How do I connect a React app to a backend API?,Programming and Development,Coding and Programming Assistance
Can you explain how to use Git for collaborative projects?,Programming and Development,Coding and Programming Assistance
What are some effective strategies for debugging Java code?,Programming and Development,Coding and Programming Assistance
How do I implement user authentication in a web application?,Programming and Development,Coding and Programming Assistance
Can you provide tips for optimizing SQL queries?,Programming and Development,Coding and Programming Assistance
What should I consider when choosing a programming language for a new project?,Programming and Development,Coding and Programming Assistance
How do I handle asynchronous calls in Python using asyncio?,Programming and Development,Coding and Programming Assistance
Can you explain the importance of code reviews in software development?,Programming and Development,Coding and Programming Assistance
What are the best tools for debugging front-end JavaScript applications?,Programming and Development,Coding and Programming Assistance
How can I implement pagination in a web application?,Programming and Development,Coding and Programming Assistance
What is the difference between GET and POST requests in HTTP?,Programming and Development,Coding and Programming Assistance
Can you help me understand how to use regular expressions in Python?,Programming and Development,Coding and Programming Assistance
How do I authenticate my API requests using OAuth 2.0?,Programming and Development,API Integration
What are the best practices for handling API errors in my application?,Programming and Development,API Integration
Can you explain how to integrate a third-party payment API into my website?,Programming and Development,API Integration
What libraries can I use for making API calls in Python?,Programming and Development,API Integration
How do I set up a webhook for real-time data updates from an API?,Programming and Development,API Integration
What is the difference between REST and GraphQL APIs?,Programming and Development,API Integration
How can I test my API endpoints effectively?,Programming and Development,API Integration
What tools can I use to monitor API performance?,Programming and Development,API Integration
How do I implement rate limiting for my API?,Programming and Development,API Integration
Can you guide me on how to use Postman for API testing?,Programming and Development,API Integration
What are some common security vulnerabilities in API integrations?,Programming and Development,API Integration
How do I handle CORS issues when integrating with external APIs?,Programming and Development,API Integration
What is API versioning and why is it important?,Programming and Development,API Integration
How can I paginate API responses to improve performance?,Programming and Development,API Integration
Can you explain how to use API keys for authentication?,Programming and Development,API Integration
What are the steps to integrate a social media API into my app?,Programming and Development,API Integration
How do I parse JSON responses from an API in JavaScript?,Programming and Development,API Integration
What is the role of API gateways in microservices architecture?,Programming and Development,API Integration
How can I create a RESTful API using Node.js and Express?,Programming and Development,API Integration
What are the advantages of using a GraphQL API over REST?,Programming and Development,API Integration
How do I integrate Google Maps API into my web application?,Programming and Development,API Integration
What are the best practices for documenting my API?,Programming and Development,API Integration
How can I handle asynchronous API calls in JavaScript?,Programming and Development,API Integration
What is the purpose of API throttling and how do I implement it?,Programming and Development,API Integration
How do I integrate a machine learning API into my application?,Programming and Development,API Integration
What are some popular APIs for weather data integration?,Programming and Development,API Integration
How can I use environment variables to manage API keys securely?,Programming and Development,API Integration
What are the steps to create a custom API for my application?,Programming and Development,API Integration
How do I handle API response caching to improve performance?,Programming and Development,API Integration
Can you explain the concept of API endpoints and how to define them?,Programming and Development,API Integration
How do I integrate an API with a mobile application?,Programming and Development,API Integration
What are the key elements to include in a business presentation for potential investors?,Business and Productivity,Presentation Creation
How can I effectively use visuals in my presentation to enhance audience engagement?,Business and Productivity,Presentation Creation
What tools can I use to create a professional-looking presentation quickly?,Business and Productivity,Presentation Creation
Can you suggest tips for structuring a presentation for a quarterly business review?,Business and Productivity,Presentation Creation
How do I tailor my presentation to suit a diverse audience with varying levels of expertise?,Business and Productivity,Presentation Creation
What are some common mistakes to avoid when creating a business presentation?,Business and Productivity,Presentation Creation
How can I make my presentation more interactive to keep the audience engaged?,Business and Productivity,Presentation Creation
What should I consider when choosing a presentation template for a corporate meeting?,Business and Productivity,Presentation Creation
How can I effectively incorporate storytelling into my business presentations?,Business and Productivity,Presentation Creation
What are the best practices for presenting financial data in a business presentation?,Business and Productivity,Presentation Creation
How do I create a compelling call to action in my presentation?,Business and Productivity,Presentation Creation
What are some effective ways to practice and prepare for delivering a presentation?,Business and Productivity,Presentation Creation
How can I use feedback from previous presentations to improve my future ones?,Business and Productivity,Presentation Creation
What role does body language play in delivering an effective business presentation?,Business and Productivity,Presentation Creation
How can I ensure my presentation stays within the allotted time while covering all key points?,Business and Productivity,Presentation Creation
What are some innovative presentation formats that can captivate an audience?,Business and Productivity,Presentation Creation
How can I effectively summarize complex information in my presentation?,Business and Productivity,Presentation Creation
What techniques can I use to handle difficult questions during a presentation?,Business and Productivity,Presentation Creation
How can I leverage technology to enhance my presentation delivery?,Business and Productivity,Presentation Creation
What are the essential components of a persuasive sales presentation?,Business and Productivity,Presentation Creation
How can I create a memorable opening for my presentation?,Business and Productivity,Presentation Creation
What are some effective ways to conclude a business presentation?,Business and Productivity,Presentation Creation
How do I choose the right font and color scheme for my presentation slides?,Business and Productivity,Presentation Creation
What strategies can I use to reduce anxiety before giving a presentation?,Business and Productivity,Presentation Creation
How can I incorporate audience polls and surveys into my presentation?,Business and Productivity,Presentation Creation
What are the benefits of using infographics in business presentations?,Business and Productivity,Presentation Creation
How can I effectively use data visualization in my presentation?,Business and Productivity,Presentation Creation
What are some creative ways to present case studies in a business presentation?,Business and Productivity,Presentation Creation
How can I ensure my presentation aligns with the overall business strategy?,Business and Productivity,Presentation Creation
What should I include in a presentation for a product launch?,Business and Productivity,Presentation Creation
How can I use storytelling to make financial reports more engaging in my presentation?,Business and Productivity,Presentation Creation
Draft a follow-up email to a client who hasn't responded to my last message.,Business and Productivity,Email Generation
Create a professional email to introduce myself to a potential business partner.,Business and Productivity,Email Generation
Write an email to request feedback on a recent project from my team.,Business and Productivity,Email Generation
Generate an email template for sending out monthly newsletters to clients.,Business and Productivity,Email Generation
Compose an email to schedule a meeting with my supervisor to discuss performance.,Business and Productivity,Email Generation
Draft an email to thank a colleague for their assistance on a recent project.,Business and Productivity,Email Generation
Write an email to notify clients about changes in our service terms.,Business and Productivity,Email Generation
Create a reminder email for an upcoming deadline for project submissions.,Business and Productivity,Email Generation
Generate an email to re-engage a former client and discuss potential collaboration.,Business and Productivity,Email Generation
Compose an email to announce a new product launch to our mailing list.,Business and Productivity,Email Generation
Draft an email to clarify a misunderstanding with a client regarding their order.,Business and Productivity,Email Generation
Write an email to request a meeting with a vendor to discuss pricing options.,Business and Productivity,Email Generation
Generate an email to confirm attendance at an upcoming industry conference.,Business and Productivity,Email Generation
Create a follow-up email for a proposal sent to a prospective client.,Business and Productivity,Email Generation
Draft an email to share a recent success story with our stakeholders.,Business and Productivity,Email Generation
Write an email to request a referral from a satisfied customer.,Business and Productivity,Email Generation
Compose an email to provide an update on a project to all team members.,Business and Productivity,Email Generation
Generate an email to welcome a new employee to the team.,Business and Productivity,Email Generation
Draft an email to address a complaint from a customer professionally.,Business and Productivity,Email Generation
Write an email to request a quote from a supplier for bulk purchasing.,Business and Productivity,Email Generation
Create an email to announce a team-building event to all employees.,Business and Productivity,Email Generation
Generate an email to follow up on a job application I submitted last week.,Business and Productivity,Email Generation
Compose an email to share important industry news with my team.,Business and Productivity,Email Generation
Draft an email to request a meeting with a mentor for career advice.,Business and Productivity,Email Generation
Write an email to remind clients about an upcoming webinar.,Business and Productivity,Email Generation
Create an email to provide a quarterly update to investors.,Business and Productivity,Email Generation
Generate an email to announce changes in management to staff.,Business and Productivity,Email Generation
Draft an email to promote an upcoming sale to our customer base.,Business and Productivity,Email Generation
Write an email to request a meeting with a potential investor.,Business and Productivity,Email Generation
Compose an email to express appreciation to a mentor for their guidance.,Business and Productivity,Email Generation
Generate an email to solicit feedback from employees on a new policy.,Business and Productivity,Email Generation
Draft an email to inform clients about a temporary service interruption.,Business and Productivity,Email Generation
